{"cameraMode":{"drawMode":0,"name":"Shaded","section":"Shading Mode"},"sceneLighting":false,"audioPlay":false,"sceneViewState":{"showFog":true,"showMaterialUpdate":true,"showSkybox":false,"showFlares":true,"showImageEffects":true,"showParticleSystems":true},"in2DMode":false,"pivot":{"x":-22.030000686645509,"y":-1.4627025127410889,"z":10.74120807647705},"rotation":{"x":0.2872677743434906,"y":-0.10844441503286362,"z":0.03283300995826721,"w":0.9511897563934326},"size":2.5597121715545656,"orthographic":false}