{"cameraMode":{"drawMode":0,"name":"Shaded","section":"Shading Mode"},"sceneLighting":false,"audioPlay":false,"sceneViewState":{"showFog":true,"showMaterialUpdate":true,"showSkybox":false,"showFlares":true,"showImageEffects":true,"showParticleSystems":true},"in2DMode":false,"pivot":{"x":-13.319999694824219,"y":-2.3317418098449709,"z":4.987736701965332},"rotation":{"x":0.2872677743434906,"y":-0.10844441503286362,"z":0.03283300995826721,"w":0.9511897563934326},"size":2.606201410293579,"orthographic":false}