{"cameraMode":{"drawMode":0,"name":"Shaded","section":"Shading Mode"},"sceneLighting":true,"audioPlay":false,"sceneViewState":{"showFog":true,"showMaterialUpdate":true,"showSkybox":true,"showFlares":true,"showImageEffects":true,"showParticleSystems":true},"in2DMode":false,"pivot":{"x":-4.704392433166504,"y":6.680781841278076,"z":14.52916145324707},"rotation":{"x":-0.044085271656513217,"y":-0.0030003217980265619,"z":-0.0001460057683289051,"w":0.9990318417549133},"size":15.182671546936036,"orthographic":false}