{"cameraMode":{"drawMode":0,"name":"Shaded","section":"Shading Mode"},"sceneLighting":true,"audioPlay":false,"sceneViewState":{"showFog":true,"showMaterialUpdate":true,"showSkybox":true,"showFlares":true,"showImageEffects":true,"showParticleSystems":true},"in2DMode":false,"pivot":{"x":-6.793774127960205,"y":-1.1843881607055665,"z":10.677566528320313},"rotation":{"x":-0.09988201409578324,"y":0.8134124279022217,"z":-0.14660990238189698,"w":-0.5543918609619141},"size":49.08232116699219,"orthographic":false}
