{"cameraMode":{"drawMode":0,"name":"Shaded","section":"Shading Mode"},"sceneLighting":true,"audioPlay":false,"sceneViewState":{"showFog":true,"showMaterialUpdate":true,"showSkybox":true,"showFlares":true,"showImageEffects":true,"showParticleSystems":true},"in2DMode":false,"pivot":{"x":2.0,"y":-0.5320001840591431,"z":2.799999952316284},"rotation":{"x":0.05380341783165932,"y":-0.3633462190628052,"z":0.021058227866888047,"w":0.9298801422119141},"size":4.513967514038086,"orthographic":false}