{"cameraMode":{"drawMode":0,"name":"Shaded","section":"Shading Mode"},"sceneLighting":true,"audioPlay":false,"sceneViewState":{"showFog":true,"showMaterialUpdate":true,"showSkybox":true,"showFlares":true,"showImageEffects":true,"showParticleSystems":true},"in2DMode":false,"pivot":{"x":-0.25875651836395266,"y":-1.5399999618530274,"z":0.6050461530685425},"rotation":{"x":0.20212864875793458,"y":0.2531086802482605,"z":-0.05413959547877312,"w":0.9445487856864929},"size":2.4735941886901857,"orthographic":false}