{"cameraMode":{"drawMode":0,"name":"Shaded","section":"Shading Mode"},"sceneLighting":true,"audioPlay":false,"sceneViewState":{"showFog":true,"showMaterialUpdate":true,"showSkybox":true,"showFlares":true,"showImageEffects":true,"showParticleSystems":true},"in2DMode":false,"pivot":{"x":-2.2461321353912355,"y":3.264713764190674,"z":-2.2495481967926027},"rotation":{"x":-0.0080995112657547,"y":0.00718183908611536,"z":0.000029228431230876595,"w":0.9999629259109497},"size":1.6196963787078858,"orthographic":false}