{"cameraMode":{"drawMode":0,"name":"Shaded","section":"Shading Mode"},"sceneLighting":true,"audioPlay":false,"sceneViewState":{"showFog":true,"showMaterialUpdate":true,"showSkybox":true,"showFlares":true,"showImageEffects":true,"showParticleSystems":true},"in2DMode":false,"pivot":{"x":0.45427924394607546,"y":-2.1248769760131838,"z":0.6544820666313171},"rotation":{"x":-0.354705274105072,"y":-0.1600487232208252,"z":0.061759039759635928,"w":-0.9191135764122009},"size":6.272237300872803,"orthographic":false}