{"cameraMode":{"drawMode":0,"name":"Shaded","section":"Shading Mode"},"sceneLighting":false,"audioPlay":false,"sceneViewState":{"showFog":true,"showMaterialUpdate":true,"showSkybox":false,"showFlares":true,"showImageEffects":true,"showParticleSystems":true},"in2DMode":false,"pivot":{"x":-4.665593147277832,"y":3.705003261566162,"z":-0.3691370487213135},"rotation":{"x":0.011639098636806012,"y":0.5878770351409912,"z":-0.008479391224682331,"w":0.8088409304618836},"size":2.339163303375244,"orthographic":false}