{"cameraMode":{"drawMode":0,"name":"Shaded","section":"Shading Mode"},"sceneLighting":false,"audioPlay":false,"sceneViewState":{"showFog":true,"showMaterialUpdate":false,"showSkybox":false,"showFlares":true,"showImageEffects":true,"showParticleSystems":true},"in2DMode":false,"pivot":{"x":0.4410000145435333,"y":13.78600025177002,"z":11.045000076293946},"rotation":{"x":0.2967921495437622,"y":0.05296090245246887,"z":-0.01648540049791336,"w":0.9533348083496094},"size":0.5598071813583374,"orthographic":false}