{"cameraMode":{"drawMode":0,"name":"Shaded","section":"Shading Mode"},"sceneLighting":true,"audioPlay":false,"sceneViewState":{"showFog":true,"showMaterialUpdate":false,"showSkybox":true,"showFlares":true,"showImageEffects":true,"showParticleSystems":true},"in2DMode":false,"pivot":{"x":4.731520652770996,"y":-26.102252960205079,"z":-6.8278398513793949},"rotation":{"x":-0.2655468285083771,"y":-0.01648590713739395,"z":0.004521423950791359,"w":-0.9639540314674377},"size":22.91659164428711,"orthographic":false}