{"cameraMode":{"drawMode":0,"name":"Shaded","section":"Shading Mode"},"sceneLighting":true,"audioPlay":false,"sceneViewState":{"showFog":true,"showMaterialUpdate":false,"showSkybox":true,"showFlares":true,"showImageEffects":true,"showParticleSystems":true},"in2DMode":false,"pivot":{"x":-17.924724578857423,"y":36.63494873046875,"z":-86.72470092773438},"rotation":{"x":-0.000916214834433049,"y":-0.9868471622467041,"z":-0.005615728907287121,"w":0.16159239411354066},"size":69.2287368774414,"orthographic":false}