{"cameraMode":{"drawMode":0,"name":"Shaded","section":"Shading Mode"},"sceneLighting":false,"audioPlay":false,"sceneViewState":{"showFog":true,"showMaterialUpdate":false,"showSkybox":false,"showFlares":true,"showImageEffects":true,"showParticleSystems":true},"in2DMode":false,"pivot":{"x":-4.417436599731445,"y":2.780517101287842,"z":-4.402621746063232},"rotation":{"x":0.00024817162193357944,"y":0.9971645474433899,"z":-0.07523831725120545,"w":0.0032916334457695486},"size":5.149505615234375,"orthographic":false}