{"cameraMode":{"drawMode":0,"name":"Shaded","section":"Shading Mode"},"sceneLighting":false,"audioPlay":false,"sceneViewState":{"showFog":true,"showMaterialUpdate":false,"showSkybox":false,"showFlares":true,"showImageEffects":true,"showParticleSystems":true},"in2DMode":false,"pivot":{"x":-1.6376519203186036,"y":3.2230710983276369,"z":0.8847808837890625},"rotation":{"x":-0.006796813569962978,"y":0.9713619947433472,"z":-0.027992265298962594,"w":-0.2358553558588028},"size":1.4320509433746338,"orthographic":false}